<?xml version="1.0" encoding="UTF-8"?>
<spirit:component xmlns:xilinx="http://www.xilinx.com" xmlns:spirit="http://www.spiritconsortium.org/XMLSchema/SPIRIT/1685-2009" xmlns:xsi="http://www.w3.org/2001/XMLSchema-instance">
  <spirit:vendor>iastate.edu</spirit:vendor>
  <spirit:library>user</spirit:library>
  <spirit:name>axi_ppm</spirit:name>
  <spirit:version>1.0</spirit:version>
  <spirit:busInterfaces>
    <spirit:busInterface>
      <spirit:name>S00_AXI</spirit:name>
      <spirit:busType spirit:vendor="xilinx.com" spirit:library="interface" spirit:name="aximm" spirit:version="1.0"/>
      <spirit:abstractionType spirit:vendor="xilinx.com" spirit:library="interface" spirit:name="aximm_rtl" spirit:version="1.0"/>
      <spirit:slave>
        <spirit:memoryMapRef spirit:memoryMapRef="S00_AXI"/>
      </spirit:slave>
      <spirit:portMaps>
        <spirit:portMap>
          <spirit:logicalPort>
            <spirit:name>AWADDR</spirit:name>
          </spirit:logicalPort>
          <spirit:physicalPort>
            <spirit:name>s00_axi_awaddr</spirit:name>
          </spirit:physicalPort>
        </spirit:portMap>
        <spirit:portMap>
          <spirit:logicalPort>
            <spirit:name>AWPROT</spirit:name>
          </spirit:logicalPort>
          <spirit:physicalPort>
            <spirit:name>s00_axi_awprot</spirit:name>
          </spirit:physicalPort>
        </spirit:portMap>
        <spirit:portMap>
          <spirit:logicalPort>
            <spirit:name>AWVALID</spirit:name>
          </spirit:logicalPort>
          <spirit:physicalPort>
            <spirit:name>s00_axi_awvalid</spirit:name>
          </spirit:physicalPort>
        </spirit:portMap>
        <spirit:portMap>
          <spirit:logicalPort>
            <spirit:name>AWREADY</spirit:name>
          </spirit:logicalPort>
          <spirit:physicalPort>
            <spirit:name>s00_axi_awready</spirit:name>
          </spirit:physicalPort>
        </spirit:portMap>
        <spirit:portMap>
          <spirit:logicalPort>
            <spirit:name>WDATA</spirit:name>
          </spirit:logicalPort>
          <spirit:physicalPort>
            <spirit:name>s00_axi_wdata</spirit:name>
          </spirit:physicalPort>
        </spirit:portMap>
        <spirit:portMap>
          <spirit:logicalPort>
            <spirit:name>WSTRB</spirit:name>
          </spirit:logicalPort>
          <spirit:physicalPort>
            <spirit:name>s00_axi_wstrb</spirit:name>
          </spirit:physicalPort>
        </spirit:portMap>
        <spirit:portMap>
          <spirit:logicalPort>
            <spirit:name>WVALID</spirit:name>
          </spirit:logicalPort>
          <spirit:physicalPort>
            <spirit:name>s00_axi_wvalid</spirit:name>
          </spirit:physicalPort>
        </spirit:portMap>
        <spirit:portMap>
          <spirit:logicalPort>
            <spirit:name>WREADY</spirit:name>
          </spirit:logicalPort>
          <spirit:physicalPort>
            <spirit:name>s00_axi_wready</spirit:name>
          </spirit:physicalPort>
        </spirit:portMap>
        <spirit:portMap>
          <spirit:logicalPort>
            <spirit:name>BRESP</spirit:name>
          </spirit:logicalPort>
          <spirit:physicalPort>
            <spirit:name>s00_axi_bresp</spirit:name>
          </spirit:physicalPort>
        </spirit:portMap>
        <spirit:portMap>
          <spirit:logicalPort>
            <spirit:name>BVALID</spirit:name>
          </spirit:logicalPort>
          <spirit:physicalPort>
            <spirit:name>s00_axi_bvalid</spirit:name>
          </spirit:physicalPort>
        </spirit:portMap>
        <spirit:portMap>
          <spirit:logicalPort>
            <spirit:name>BREADY</spirit:name>
          </spirit:logicalPort>
          <spirit:physicalPort>
            <spirit:name>s00_axi_bready</spirit:name>
          </spirit:physicalPort>
        </spirit:portMap>
        <spirit:portMap>
          <spirit:logicalPort>
            <spirit:name>ARADDR</spirit:name>
          </spirit:logicalPort>
          <spirit:physicalPort>
            <spirit:name>s00_axi_araddr</spirit:name>
          </spirit:physicalPort>
        </spirit:portMap>
        <spirit:portMap>
          <spirit:logicalPort>
            <spirit:name>ARPROT</spirit:name>
          </spirit:logicalPort>
          <spirit:physicalPort>
            <spirit:name>s00_axi_arprot</spirit:name>
          </spirit:physicalPort>
        </spirit:portMap>
        <spirit:portMap>
          <spirit:logicalPort>
            <spirit:name>ARVALID</spirit:name>
          </spirit:logicalPort>
          <spirit:physicalPort>
            <spirit:name>s00_axi_arvalid</spirit:name>
          </spirit:physicalPort>
        </spirit:portMap>
        <spirit:portMap>
          <spirit:logicalPort>
            <spirit:name>ARREADY</spirit:name>
          </spirit:logicalPort>
          <spirit:physicalPort>
            <spirit:name>s00_axi_arready</spirit:name>
          </spirit:physicalPort>
        </spirit:portMap>
        <spirit:portMap>
          <spirit:logicalPort>
            <spirit:name>RDATA</spirit:name>
          </spirit:logicalPort>
          <spirit:physicalPort>
            <spirit:name>s00_axi_rdata</spirit:name>
          </spirit:physicalPort>
        </spirit:portMap>
        <spirit:portMap>
          <spirit:logicalPort>
            <spirit:name>RRESP</spirit:name>
          </spirit:logicalPort>
          <spirit:physicalPort>
            <spirit:name>s00_axi_rresp</spirit:name>
          </spirit:physicalPort>
        </spirit:portMap>
        <spirit:portMap>
          <spirit:logicalPort>
            <spirit:name>RVALID</spirit:name>
          </spirit:logicalPort>
          <spirit:physicalPort>
            <spirit:name>s00_axi_rvalid</spirit:name>
          </spirit:physicalPort>
        </spirit:portMap>
        <spirit:portMap>
          <spirit:logicalPort>
            <spirit:name>RREADY</spirit:name>
          </spirit:logicalPort>
          <spirit:physicalPort>
            <spirit:name>s00_axi_rready</spirit:name>
          </spirit:physicalPort>
        </spirit:portMap>
      </spirit:portMaps>
      <spirit:parameters>
        <spirit:parameter>
          <spirit:name>WIZ_DATA_WIDTH</spirit:name>
          <spirit:value spirit:format="long" spirit:id="BUSIFPARAM_VALUE.S00_AXI.WIZ_DATA_WIDTH" spirit:choiceRef="choice_list_6fc15197">32</spirit:value>
        </spirit:parameter>
        <spirit:parameter>
          <spirit:name>WIZ_NUM_REG</spirit:name>
          <spirit:value spirit:format="long" spirit:id="BUSIFPARAM_VALUE.S00_AXI.WIZ_NUM_REG" spirit:minimum="4" spirit:maximum="512" spirit:rangeType="long">16</spirit:value>
        </spirit:parameter>
        <spirit:parameter>
          <spirit:name>SUPPORTS_NARROW_BURST</spirit:name>
          <spirit:value spirit:format="long" spirit:id="BUSIFPARAM_VALUE.S00_AXI.SUPPORTS_NARROW_BURST" spirit:choiceRef="choice_pairs_ce1226b1">0</spirit:value>
        </spirit:parameter>
      </spirit:parameters>
    </spirit:busInterface>
    <spirit:busInterface>
      <spirit:name>S00_AXI_RST</spirit:name>
      <spirit:busType spirit:vendor="xilinx.com" spirit:library="signal" spirit:name="reset" spirit:version="1.0"/>
      <spirit:abstractionType spirit:vendor="xilinx.com" spirit:library="signal" spirit:name="reset_rtl" spirit:version="1.0"/>
      <spirit:slave/>
      <spirit:portMaps>
        <spirit:portMap>
          <spirit:logicalPort>
            <spirit:name>RST</spirit:name>
          </spirit:logicalPort>
          <spirit:physicalPort>
            <spirit:name>s00_axi_aresetn</spirit:name>
          </spirit:physicalPort>
        </spirit:portMap>
      </spirit:portMaps>
      <spirit:parameters>
        <spirit:parameter>
          <spirit:name>POLARITY</spirit:name>
          <spirit:value spirit:id="BUSIFPARAM_VALUE.S00_AXI_RST.POLARITY" spirit:choiceRef="choice_list_9d8b0d81">ACTIVE_LOW</spirit:value>
        </spirit:parameter>
      </spirit:parameters>
    </spirit:busInterface>
    <spirit:busInterface>
      <spirit:name>S00_AXI_CLK</spirit:name>
      <spirit:busType spirit:vendor="xilinx.com" spirit:library="signal" spirit:name="clock" spirit:version="1.0"/>
      <spirit:abstractionType spirit:vendor="xilinx.com" spirit:library="signal" spirit:name="clock_rtl" spirit:version="1.0"/>
      <spirit:slave/>
      <spirit:portMaps>
        <spirit:portMap>
          <spirit:logicalPort>
            <spirit:name>CLK</spirit:name>
          </spirit:logicalPort>
          <spirit:physicalPort>
            <spirit:name>s00_axi_aclk</spirit:name>
          </spirit:physicalPort>
        </spirit:portMap>
      </spirit:portMaps>
      <spirit:parameters>
        <spirit:parameter>
          <spirit:name>ASSOCIATED_BUSIF</spirit:name>
          <spirit:value spirit:id="BUSIFPARAM_VALUE.S00_AXI_CLK.ASSOCIATED_BUSIF">S00_AXI</spirit:value>
        </spirit:parameter>
        <spirit:parameter>
          <spirit:name>ASSOCIATED_RESET</spirit:name>
          <spirit:value spirit:id="BUSIFPARAM_VALUE.S00_AXI_CLK.ASSOCIATED_RESET">s00_axi_aresetn</spirit:value>
        </spirit:parameter>
      </spirit:parameters>
    </spirit:busInterface>
  </spirit:busInterfaces>
  <spirit:memoryMaps>
    <spirit:memoryMap>
      <spirit:name>S00_AXI</spirit:name>
      <spirit:addressBlock>
        <spirit:name>S00_AXI_reg</spirit:name>
        <spirit:baseAddress spirit:format="long" spirit:resolve="user">0</spirit:baseAddress>
        <spirit:range spirit:format="long">4096</spirit:range>
        <spirit:width spirit:format="long">32</spirit:width>
        <spirit:usage>register</spirit:usage>
        <spirit:parameters>
          <spirit:parameter>
            <spirit:name>OFFSET_BASE_PARAM</spirit:name>
            <spirit:value spirit:id="ADDRBLOCKPARAM_VALUE.S00_AXI.S00_AXI_REG.OFFSET_BASE_PARAM">C_S00_AXI_BASEADDR</spirit:value>
          </spirit:parameter>
          <spirit:parameter>
            <spirit:name>OFFSET_HIGH_PARAM</spirit:name>
            <spirit:value spirit:id="ADDRBLOCKPARAM_VALUE.S00_AXI.S00_AXI_REG.OFFSET_HIGH_PARAM">C_S00_AXI_HIGHADDR</spirit:value>
          </spirit:parameter>
        </spirit:parameters>
      </spirit:addressBlock>
    </spirit:memoryMap>
  </spirit:memoryMaps>
  <spirit:model>
    <spirit:views>
      <spirit:view>
        <spirit:name>xilinx_vhdlsynthesis</spirit:name>
        <spirit:displayName>VHDL Synthesis</spirit:displayName>
        <spirit:envIdentifier>vhdlSource:vivado.xilinx.com:synthesis</spirit:envIdentifier>
        <spirit:language>vhdl</spirit:language>
        <spirit:modelName>axi_ppm_v1_0</spirit:modelName>
        <spirit:fileSetRef>
          <spirit:localName>xilinx_vhdlsynthesis_view_fileset</spirit:localName>
        </spirit:fileSetRef>
        <spirit:parameters>
          <spirit:parameter>
            <spirit:name>viewChecksum</spirit:name>
            <spirit:value>38d89e55</spirit:value>
          </spirit:parameter>
        </spirit:parameters>
      </spirit:view>
      <spirit:view>
        <spirit:name>xilinx_vhdlbehavioralsimulation</spirit:name>
        <spirit:displayName>VHDL Simulation</spirit:displayName>
        <spirit:envIdentifier>vhdlSource:vivado.xilinx.com:simulation</spirit:envIdentifier>
        <spirit:language>vhdl</spirit:language>
        <spirit:modelName>axi_ppm_v1_0</spirit:modelName>
        <spirit:fileSetRef>
          <spirit:localName>xilinx_vhdlbehavioralsimulation_view_fileset</spirit:localName>
        </spirit:fileSetRef>
        <spirit:parameters>
          <spirit:parameter>
            <spirit:name>viewChecksum</spirit:name>
            <spirit:value>38d89e55</spirit:value>
          </spirit:parameter>
        </spirit:parameters>
      </spirit:view>
      <spirit:view>
        <spirit:name>xilinx_softwaredriver</spirit:name>
        <spirit:displayName>Software Driver</spirit:displayName>
        <spirit:envIdentifier>:vivado.xilinx.com:sw.driver</spirit:envIdentifier>
        <spirit:fileSetRef>
          <spirit:localName>xilinx_softwaredriver_view_fileset</spirit:localName>
        </spirit:fileSetRef>
        <spirit:parameters>
          <spirit:parameter>
            <spirit:name>viewChecksum</spirit:name>
            <spirit:value>c54819ee</spirit:value>
          </spirit:parameter>
        </spirit:parameters>
      </spirit:view>
      <spirit:view>
        <spirit:name>xilinx_xpgui</spirit:name>
        <spirit:displayName>UI Layout</spirit:displayName>
        <spirit:envIdentifier>:vivado.xilinx.com:xgui.ui</spirit:envIdentifier>
        <spirit:fileSetRef>
          <spirit:localName>xilinx_xpgui_view_fileset</spirit:localName>
        </spirit:fileSetRef>
        <spirit:parameters>
          <spirit:parameter>
            <spirit:name>viewChecksum</spirit:name>
            <spirit:value>dda4df14</spirit:value>
          </spirit:parameter>
        </spirit:parameters>
      </spirit:view>
      <spirit:view>
        <spirit:name>bd_tcl</spirit:name>
        <spirit:displayName>Block Diagram</spirit:displayName>
        <spirit:envIdentifier>:vivado.xilinx.com:block.diagram</spirit:envIdentifier>
        <spirit:fileSetRef>
          <spirit:localName>bd_tcl_view_fileset</spirit:localName>
        </spirit:fileSetRef>
        <spirit:parameters>
          <spirit:parameter>
            <spirit:name>viewChecksum</spirit:name>
            <spirit:value>16328387</spirit:value>
          </spirit:parameter>
        </spirit:parameters>
      </spirit:view>
    </spirit:views>
    <spirit:ports>
      <spirit:port>
        <spirit:name>PPM_Input</spirit:name>
        <spirit:wire>
          <spirit:direction>in</spirit:direction>
          <spirit:wireTypeDefs>
            <spirit:wireTypeDef>
              <spirit:typeName>std_logic</spirit:typeName>
              <spirit:viewNameRef>xilinx_vhdlsynthesis</spirit:viewNameRef>
              <spirit:viewNameRef>xilinx_vhdlbehavioralsimulation</spirit:viewNameRef>
            </spirit:wireTypeDef>
          </spirit:wireTypeDefs>
        </spirit:wire>
      </spirit:port>
      <spirit:port>
        <spirit:name>PPM_Output</spirit:name>
        <spirit:wire>
          <spirit:direction>out</spirit:direction>
          <spirit:wireTypeDefs>
            <spirit:wireTypeDef>
              <spirit:typeName>std_logic</spirit:typeName>
              <spirit:viewNameRef>xilinx_vhdlsynthesis</spirit:viewNameRef>
              <spirit:viewNameRef>xilinx_vhdlbehavioralsimulation</spirit:viewNameRef>
            </spirit:wireTypeDef>
          </spirit:wireTypeDefs>
        </spirit:wire>
      </spirit:port>
      <spirit:port>
        <spirit:name>s00_axi_awaddr</spirit:name>
        <spirit:wire>
          <spirit:direction>in</spirit:direction>
          <spirit:vector>
            <spirit:left spirit:format="long" spirit:resolve="dependent" spirit:dependency="(spirit:decode(id(&apos;MODELPARAM_VALUE.C_S00_AXI_ADDR_WIDTH&apos;)) - 1)">5</spirit:left>
            <spirit:right spirit:format="long">0</spirit:right>
          </spirit:vector>
          <spirit:wireTypeDefs>
            <spirit:wireTypeDef>
              <spirit:typeName>std_logic_vector</spirit:typeName>
              <spirit:viewNameRef>xilinx_vhdlsynthesis</spirit:viewNameRef>
              <spirit:viewNameRef>xilinx_vhdlbehavioralsimulation</spirit:viewNameRef>
            </spirit:wireTypeDef>
          </spirit:wireTypeDefs>
        </spirit:wire>
      </spirit:port>
      <spirit:port>
        <spirit:name>s00_axi_awprot</spirit:name>
        <spirit:wire>
          <spirit:direction>in</spirit:direction>
          <spirit:vector>
            <spirit:left spirit:format="long">2</spirit:left>
            <spirit:right spirit:format="long">0</spirit:right>
          </spirit:vector>
          <spirit:wireTypeDefs>
            <spirit:wireTypeDef>
              <spirit:typeName>std_logic_vector</spirit:typeName>
              <spirit:viewNameRef>xilinx_vhdlsynthesis</spirit:viewNameRef>
              <spirit:viewNameRef>xilinx_vhdlbehavioralsimulation</spirit:viewNameRef>
            </spirit:wireTypeDef>
          </spirit:wireTypeDefs>
        </spirit:wire>
      </spirit:port>
      <spirit:port>
        <spirit:name>s00_axi_awvalid</spirit:name>
        <spirit:wire>
          <spirit:direction>in</spirit:direction>
          <spirit:wireTypeDefs>
            <spirit:wireTypeDef>
              <spirit:typeName>std_logic</spirit:typeName>
              <spirit:viewNameRef>xilinx_vhdlsynthesis</spirit:viewNameRef>
              <spirit:viewNameRef>xilinx_vhdlbehavioralsimulation</spirit:viewNameRef>
            </spirit:wireTypeDef>
          </spirit:wireTypeDefs>
        </spirit:wire>
      </spirit:port>
      <spirit:port>
        <spirit:name>s00_axi_awready</spirit:name>
        <spirit:wire>
          <spirit:direction>out</spirit:direction>
          <spirit:wireTypeDefs>
            <spirit:wireTypeDef>
              <spirit:typeName>std_logic</spirit:typeName>
              <spirit:viewNameRef>xilinx_vhdlsynthesis</spirit:viewNameRef>
              <spirit:viewNameRef>xilinx_vhdlbehavioralsimulation</spirit:viewNameRef>
            </spirit:wireTypeDef>
          </spirit:wireTypeDefs>
        </spirit:wire>
      </spirit:port>
      <spirit:port>
        <spirit:name>s00_axi_wdata</spirit:name>
        <spirit:wire>
          <spirit:direction>in</spirit:direction>
          <spirit:vector>
            <spirit:left spirit:format="long" spirit:resolve="dependent" spirit:dependency="(spirit:decode(id(&apos;MODELPARAM_VALUE.C_S00_AXI_DATA_WIDTH&apos;)) - 1)">31</spirit:left>
            <spirit:right spirit:format="long">0</spirit:right>
          </spirit:vector>
          <spirit:wireTypeDefs>
            <spirit:wireTypeDef>
              <spirit:typeName>std_logic_vector</spirit:typeName>
              <spirit:viewNameRef>xilinx_vhdlsynthesis</spirit:viewNameRef>
              <spirit:viewNameRef>xilinx_vhdlbehavioralsimulation</spirit:viewNameRef>
            </spirit:wireTypeDef>
          </spirit:wireTypeDefs>
        </spirit:wire>
      </spirit:port>
      <spirit:port>
        <spirit:name>s00_axi_wstrb</spirit:name>
        <spirit:wire>
          <spirit:direction>in</spirit:direction>
          <spirit:vector>
            <spirit:left spirit:format="long" spirit:resolve="dependent" spirit:dependency="((spirit:decode(id(&apos;MODELPARAM_VALUE.C_S00_AXI_DATA_WIDTH&apos;)) / 8) - 1)">3</spirit:left>
            <spirit:right spirit:format="long">0</spirit:right>
          </spirit:vector>
          <spirit:wireTypeDefs>
            <spirit:wireTypeDef>
              <spirit:typeName>std_logic_vector</spirit:typeName>
              <spirit:viewNameRef>xilinx_vhdlsynthesis</spirit:viewNameRef>
              <spirit:viewNameRef>xilinx_vhdlbehavioralsimulation</spirit:viewNameRef>
            </spirit:wireTypeDef>
          </spirit:wireTypeDefs>
        </spirit:wire>
      </spirit:port>
      <spirit:port>
        <spirit:name>s00_axi_wvalid</spirit:name>
        <spirit:wire>
          <spirit:direction>in</spirit:direction>
          <spirit:wireTypeDefs>
            <spirit:wireTypeDef>
              <spirit:typeName>std_logic</spirit:typeName>
              <spirit:viewNameRef>xilinx_vhdlsynthesis</spirit:viewNameRef>
              <spirit:viewNameRef>xilinx_vhdlbehavioralsimulation</spirit:viewNameRef>
            </spirit:wireTypeDef>
          </spirit:wireTypeDefs>
        </spirit:wire>
      </spirit:port>
      <spirit:port>
        <spirit:name>s00_axi_wready</spirit:name>
        <spirit:wire>
          <spirit:direction>out</spirit:direction>
          <spirit:wireTypeDefs>
            <spirit:wireTypeDef>
              <spirit:typeName>std_logic</spirit:typeName>
              <spirit:viewNameRef>xilinx_vhdlsynthesis</spirit:viewNameRef>
              <spirit:viewNameRef>xilinx_vhdlbehavioralsimulation</spirit:viewNameRef>
            </spirit:wireTypeDef>
          </spirit:wireTypeDefs>
        </spirit:wire>
      </spirit:port>
      <spirit:port>
        <spirit:name>s00_axi_bresp</spirit:name>
        <spirit:wire>
          <spirit:direction>out</spirit:direction>
          <spirit:vector>
            <spirit:left spirit:format="long">1</spirit:left>
            <spirit:right spirit:format="long">0</spirit:right>
          </spirit:vector>
          <spirit:wireTypeDefs>
            <spirit:wireTypeDef>
              <spirit:typeName>std_logic_vector</spirit:typeName>
              <spirit:viewNameRef>xilinx_vhdlsynthesis</spirit:viewNameRef>
              <spirit:viewNameRef>xilinx_vhdlbehavioralsimulation</spirit:viewNameRef>
            </spirit:wireTypeDef>
          </spirit:wireTypeDefs>
        </spirit:wire>
      </spirit:port>
      <spirit:port>
        <spirit:name>s00_axi_bvalid</spirit:name>
        <spirit:wire>
          <spirit:direction>out</spirit:direction>
          <spirit:wireTypeDefs>
            <spirit:wireTypeDef>
              <spirit:typeName>std_logic</spirit:typeName>
              <spirit:viewNameRef>xilinx_vhdlsynthesis</spirit:viewNameRef>
              <spirit:viewNameRef>xilinx_vhdlbehavioralsimulation</spirit:viewNameRef>
            </spirit:wireTypeDef>
          </spirit:wireTypeDefs>
        </spirit:wire>
      </spirit:port>
      <spirit:port>
        <spirit:name>s00_axi_bready</spirit:name>
        <spirit:wire>
          <spirit:direction>in</spirit:direction>
          <spirit:wireTypeDefs>
            <spirit:wireTypeDef>
              <spirit:typeName>std_logic</spirit:typeName>
              <spirit:viewNameRef>xilinx_vhdlsynthesis</spirit:viewNameRef>
              <spirit:viewNameRef>xilinx_vhdlbehavioralsimulation</spirit:viewNameRef>
            </spirit:wireTypeDef>
          </spirit:wireTypeDefs>
        </spirit:wire>
      </spirit:port>
      <spirit:port>
        <spirit:name>s00_axi_araddr</spirit:name>
        <spirit:wire>
          <spirit:direction>in</spirit:direction>
          <spirit:vector>
            <spirit:left spirit:format="long" spirit:resolve="dependent" spirit:dependency="(spirit:decode(id(&apos;MODELPARAM_VALUE.C_S00_AXI_ADDR_WIDTH&apos;)) - 1)">5</spirit:left>
            <spirit:right spirit:format="long">0</spirit:right>
          </spirit:vector>
          <spirit:wireTypeDefs>
            <spirit:wireTypeDef>
              <spirit:typeName>std_logic_vector</spirit:typeName>
              <spirit:viewNameRef>xilinx_vhdlsynthesis</spirit:viewNameRef>
              <spirit:viewNameRef>xilinx_vhdlbehavioralsimulation</spirit:viewNameRef>
            </spirit:wireTypeDef>
          </spirit:wireTypeDefs>
        </spirit:wire>
      </spirit:port>
      <spirit:port>
        <spirit:name>s00_axi_arprot</spirit:name>
        <spirit:wire>
          <spirit:direction>in</spirit:direction>
          <spirit:vector>
            <spirit:left spirit:format="long">2</spirit:left>
            <spirit:right spirit:format="long">0</spirit:right>
          </spirit:vector>
          <spirit:wireTypeDefs>
            <spirit:wireTypeDef>
              <spirit:typeName>std_logic_vector</spirit:typeName>
              <spirit:viewNameRef>xilinx_vhdlsynthesis</spirit:viewNameRef>
              <spirit:viewNameRef>xilinx_vhdlbehavioralsimulation</spirit:viewNameRef>
            </spirit:wireTypeDef>
          </spirit:wireTypeDefs>
        </spirit:wire>
      </spirit:port>
      <spirit:port>
        <spirit:name>s00_axi_arvalid</spirit:name>
        <spirit:wire>
          <spirit:direction>in</spirit:direction>
          <spirit:wireTypeDefs>
            <spirit:wireTypeDef>
              <spirit:typeName>std_logic</spirit:typeName>
              <spirit:viewNameRef>xilinx_vhdlsynthesis</spirit:viewNameRef>
              <spirit:viewNameRef>xilinx_vhdlbehavioralsimulation</spirit:viewNameRef>
            </spirit:wireTypeDef>
          </spirit:wireTypeDefs>
        </spirit:wire>
      </spirit:port>
      <spirit:port>
        <spirit:name>s00_axi_arready</spirit:name>
        <spirit:wire>
          <spirit:direction>out</spirit:direction>
          <spirit:wireTypeDefs>
            <spirit:wireTypeDef>
              <spirit:typeName>std_logic</spirit:typeName>
              <spirit:viewNameRef>xilinx_vhdlsynthesis</spirit:viewNameRef>
              <spirit:viewNameRef>xilinx_vhdlbehavioralsimulation</spirit:viewNameRef>
            </spirit:wireTypeDef>
          </spirit:wireTypeDefs>
        </spirit:wire>
      </spirit:port>
      <spirit:port>
        <spirit:name>s00_axi_rdata</spirit:name>
        <spirit:wire>
          <spirit:direction>out</spirit:direction>
          <spirit:vector>
            <spirit:left spirit:format="long" spirit:resolve="dependent" spirit:dependency="(spirit:decode(id(&apos;MODELPARAM_VALUE.C_S00_AXI_DATA_WIDTH&apos;)) - 1)">31</spirit:left>
            <spirit:right spirit:format="long">0</spirit:right>
          </spirit:vector>
          <spirit:wireTypeDefs>
            <spirit:wireTypeDef>
              <spirit:typeName>std_logic_vector</spirit:typeName>
              <spirit:viewNameRef>xilinx_vhdlsynthesis</spirit:viewNameRef>
              <spirit:viewNameRef>xilinx_vhdlbehavioralsimulation</spirit:viewNameRef>
            </spirit:wireTypeDef>
          </spirit:wireTypeDefs>
        </spirit:wire>
      </spirit:port>
      <spirit:port>
        <spirit:name>s00_axi_rresp</spirit:name>
        <spirit:wire>
          <spirit:direction>out</spirit:direction>
          <spirit:vector>
            <spirit:left spirit:format="long">1</spirit:left>
            <spirit:right spirit:format="long">0</spirit:right>
          </spirit:vector>
          <spirit:wireTypeDefs>
            <spirit:wireTypeDef>
              <spirit:typeName>std_logic_vector</spirit:typeName>
              <spirit:viewNameRef>xilinx_vhdlsynthesis</spirit:viewNameRef>
              <spirit:viewNameRef>xilinx_vhdlbehavioralsimulation</spirit:viewNameRef>
            </spirit:wireTypeDef>
          </spirit:wireTypeDefs>
        </spirit:wire>
      </spirit:port>
      <spirit:port>
        <spirit:name>s00_axi_rvalid</spirit:name>
        <spirit:wire>
          <spirit:direction>out</spirit:direction>
          <spirit:wireTypeDefs>
            <spirit:wireTypeDef>
              <spirit:typeName>std_logic</spirit:typeName>
              <spirit:viewNameRef>xilinx_vhdlsynthesis</spirit:viewNameRef>
              <spirit:viewNameRef>xilinx_vhdlbehavioralsimulation</spirit:viewNameRef>
            </spirit:wireTypeDef>
          </spirit:wireTypeDefs>
        </spirit:wire>
      </spirit:port>
      <spirit:port>
        <spirit:name>s00_axi_rready</spirit:name>
        <spirit:wire>
          <spirit:direction>in</spirit:direction>
          <spirit:wireTypeDefs>
            <spirit:wireTypeDef>
              <spirit:typeName>std_logic</spirit:typeName>
              <spirit:viewNameRef>xilinx_vhdlsynthesis</spirit:viewNameRef>
              <spirit:viewNameRef>xilinx_vhdlbehavioralsimulation</spirit:viewNameRef>
            </spirit:wireTypeDef>
          </spirit:wireTypeDefs>
        </spirit:wire>
      </spirit:port>
      <spirit:port>
        <spirit:name>s00_axi_aclk</spirit:name>
        <spirit:wire>
          <spirit:direction>in</spirit:direction>
          <spirit:wireTypeDefs>
            <spirit:wireTypeDef>
              <spirit:typeName>std_logic</spirit:typeName>
              <spirit:viewNameRef>xilinx_vhdlsynthesis</spirit:viewNameRef>
              <spirit:viewNameRef>xilinx_vhdlbehavioralsimulation</spirit:viewNameRef>
            </spirit:wireTypeDef>
          </spirit:wireTypeDefs>
        </spirit:wire>
      </spirit:port>
      <spirit:port>
        <spirit:name>s00_axi_aresetn</spirit:name>
        <spirit:wire>
          <spirit:direction>in</spirit:direction>
          <spirit:wireTypeDefs>
            <spirit:wireTypeDef>
              <spirit:typeName>std_logic</spirit:typeName>
              <spirit:viewNameRef>xilinx_vhdlsynthesis</spirit:viewNameRef>
              <spirit:viewNameRef>xilinx_vhdlbehavioralsimulation</spirit:viewNameRef>
            </spirit:wireTypeDef>
          </spirit:wireTypeDefs>
        </spirit:wire>
      </spirit:port>
    </spirit:ports>
    <spirit:modelParameters>
      <spirit:modelParameter xsi:type="spirit:nameValueTypeType" spirit:dataType="integer">
        <spirit:name>C_S00_AXI_DATA_WIDTH</spirit:name>
        <spirit:displayName>C S00 AXI DATA WIDTH</spirit:displayName>
        <spirit:description>Width of S_AXI data bus</spirit:description>
        <spirit:value spirit:format="long" spirit:resolve="generated" spirit:id="MODELPARAM_VALUE.C_S00_AXI_DATA_WIDTH" spirit:order="3" spirit:rangeType="long">32</spirit:value>
      </spirit:modelParameter>
      <spirit:modelParameter spirit:dataType="integer">
        <spirit:name>C_S00_AXI_ADDR_WIDTH</spirit:name>
        <spirit:displayName>C S00 AXI ADDR WIDTH</spirit:displayName>
        <spirit:description>Width of S_AXI address bus</spirit:description>
        <spirit:value spirit:format="long" spirit:resolve="generated" spirit:id="MODELPARAM_VALUE.C_S00_AXI_ADDR_WIDTH" spirit:order="4" spirit:rangeType="long">6</spirit:value>
      </spirit:modelParameter>
    </spirit:modelParameters>
  </spirit:model>
  <spirit:choices>
    <spirit:choice>
      <spirit:name>choice_list_6fc15197</spirit:name>
      <spirit:enumeration>32</spirit:enumeration>
    </spirit:choice>
    <spirit:choice>
      <spirit:name>choice_list_9d8b0d81</spirit:name>
      <spirit:enumeration>ACTIVE_HIGH</spirit:enumeration>
      <spirit:enumeration>ACTIVE_LOW</spirit:enumeration>
    </spirit:choice>
    <spirit:choice>
      <spirit:name>choice_pairs_ce1226b1</spirit:name>
      <spirit:enumeration spirit:text="true">1</spirit:enumeration>
      <spirit:enumeration spirit:text="false">0</spirit:enumeration>
    </spirit:choice>
  </spirit:choices>
  <spirit:fileSets>
    <spirit:fileSet>
      <spirit:name>xilinx_vhdlsynthesis_view_fileset</spirit:name>
      <spirit:file>
        <spirit:name>hdl/axi_ppm_v1_0_S00_AXI.vhd</spirit:name>
        <spirit:fileType>vhdlSource</spirit:fileType>
      </spirit:file>
      <spirit:file>
        <spirit:name>../edit_axi_ppm_v1_0.srcs/sources_1/imports/fsm_hdl/ppm_capture_fsm.vhd</spirit:name>
        <spirit:fileType>vhdlSource</spirit:fileType>
      </spirit:file>
      <spirit:file>
        <spirit:name>../edit_axi_ppm_v1_0.srcs/sources_1/imports/fsm_hdl/ppm_gen_fsm.vhd</spirit:name>
        <spirit:fileType>vhdlSource</spirit:fileType>
      </spirit:file>
      <spirit:file>
        <spirit:name>hdl/axi_ppm_v1_0.vhd</spirit:name>
        <spirit:fileType>vhdlSource</spirit:fileType>
        <spirit:userFileType>CHECKSUM_a9fd7f23</spirit:userFileType>
      </spirit:file>
    </spirit:fileSet>
    <spirit:fileSet>
      <spirit:name>xilinx_vhdlbehavioralsimulation_view_fileset</spirit:name>
      <spirit:file>
        <spirit:name>hdl/axi_ppm_v1_0_S00_AXI.vhd</spirit:name>
        <spirit:fileType>vhdlSource</spirit:fileType>
      </spirit:file>
      <spirit:file>
        <spirit:name>../edit_axi_ppm_v1_0.srcs/sources_1/imports/fsm_hdl/ppm_capture_fsm.vhd</spirit:name>
        <spirit:fileType>vhdlSource</spirit:fileType>
      </spirit:file>
      <spirit:file>
        <spirit:name>../edit_axi_ppm_v1_0.srcs/sources_1/imports/fsm_hdl/ppm_gen_fsm.vhd</spirit:name>
        <spirit:fileType>vhdlSource</spirit:fileType>
      </spirit:file>
      <spirit:file>
        <spirit:name>hdl/axi_ppm_v1_0.vhd</spirit:name>
        <spirit:fileType>vhdlSource</spirit:fileType>
      </spirit:file>
    </spirit:fileSet>
    <spirit:fileSet>
      <spirit:name>xilinx_softwaredriver_view_fileset</spirit:name>
      <spirit:file>
        <spirit:name>drivers/axi_ppm_v1_0/data/axi_ppm.mdd</spirit:name>
        <spirit:userFileType>mdd</spirit:userFileType>
        <spirit:userFileType>driver_mdd</spirit:userFileType>
      </spirit:file>
      <spirit:file>
        <spirit:name>drivers/axi_ppm_v1_0/data/axi_ppm.tcl</spirit:name>
        <spirit:fileType>tclSource</spirit:fileType>
        <spirit:userFileType>driver_tcl</spirit:userFileType>
      </spirit:file>
      <spirit:file>
        <spirit:name>drivers/axi_ppm_v1_0/src/Makefile</spirit:name>
        <spirit:userFileType>driver_src</spirit:userFileType>
      </spirit:file>
      <spirit:file>
        <spirit:name>drivers/axi_ppm_v1_0/src/axi_ppm.h</spirit:name>
        <spirit:fileType>cSource</spirit:fileType>
        <spirit:userFileType>driver_src</spirit:userFileType>
      </spirit:file>
      <spirit:file>
        <spirit:name>drivers/axi_ppm_v1_0/src/axi_ppm.c</spirit:name>
        <spirit:fileType>cSource</spirit:fileType>
        <spirit:userFileType>driver_src</spirit:userFileType>
      </spirit:file>
      <spirit:file>
        <spirit:name>drivers/axi_ppm_v1_0/src/axi_ppm_selftest.c</spirit:name>
        <spirit:fileType>cSource</spirit:fileType>
        <spirit:userFileType>driver_src</spirit:userFileType>
      </spirit:file>
    </spirit:fileSet>
    <spirit:fileSet>
      <spirit:name>xilinx_xpgui_view_fileset</spirit:name>
      <spirit:file>
        <spirit:name>xgui/axi_ppm_v1_0.tcl</spirit:name>
        <spirit:fileType>tclSource</spirit:fileType>
        <spirit:userFileType>CHECKSUM_dda4df14</spirit:userFileType>
        <spirit:userFileType>XGUI_VERSION_2</spirit:userFileType>
      </spirit:file>
    </spirit:fileSet>
    <spirit:fileSet>
      <spirit:name>bd_tcl_view_fileset</spirit:name>
      <spirit:file>
        <spirit:name>bd/bd.tcl</spirit:name>
        <spirit:fileType>tclSource</spirit:fileType>
      </spirit:file>
    </spirit:fileSet>
  </spirit:fileSets>
  <spirit:description>AXI PPM Frame capture and generate to passthrough PMOD.</spirit:description>
  <spirit:parameters>
    <spirit:parameter>
      <spirit:name>C_S00_AXI_DATA_WIDTH</spirit:name>
      <spirit:displayName>C S00 AXI DATA WIDTH</spirit:displayName>
      <spirit:description>Width of S_AXI data bus</spirit:description>
      <spirit:value spirit:format="long" spirit:resolve="user" spirit:id="PARAM_VALUE.C_S00_AXI_DATA_WIDTH" spirit:choiceRef="choice_list_6fc15197" spirit:order="3">32</spirit:value>
      <spirit:vendorExtensions>
        <xilinx:parameterInfo>
          <xilinx:enablement>
            <xilinx:isEnabled xilinx:id="PARAM_ENABLEMENT.C_S00_AXI_DATA_WIDTH">false</xilinx:isEnabled>
          </xilinx:enablement>
        </xilinx:parameterInfo>
      </spirit:vendorExtensions>
    </spirit:parameter>
    <spirit:parameter>
      <spirit:name>C_S00_AXI_ADDR_WIDTH</spirit:name>
      <spirit:displayName>C S00 AXI ADDR WIDTH</spirit:displayName>
      <spirit:description>Width of S_AXI address bus</spirit:description>
      <spirit:value spirit:format="long" spirit:resolve="user" spirit:id="PARAM_VALUE.C_S00_AXI_ADDR_WIDTH" spirit:order="4" spirit:rangeType="long">6</spirit:value>
      <spirit:vendorExtensions>
        <xilinx:parameterInfo>
          <xilinx:enablement>
            <xilinx:isEnabled xilinx:id="PARAM_ENABLEMENT.C_S00_AXI_ADDR_WIDTH">false</xilinx:isEnabled>
          </xilinx:enablement>
        </xilinx:parameterInfo>
      </spirit:vendorExtensions>
    </spirit:parameter>
    <spirit:parameter>
      <spirit:name>C_S00_AXI_BASEADDR</spirit:name>
      <spirit:displayName>C S00 AXI BASEADDR</spirit:displayName>
      <spirit:value spirit:format="bitString" spirit:resolve="user" spirit:id="PARAM_VALUE.C_S00_AXI_BASEADDR" spirit:order="5" spirit:bitStringLength="32">0xFFFFFFFF</spirit:value>
      <spirit:vendorExtensions>
        <xilinx:parameterInfo>
          <xilinx:enablement>
            <xilinx:isEnabled xilinx:id="PARAM_ENABLEMENT.C_S00_AXI_BASEADDR">false</xilinx:isEnabled>
          </xilinx:enablement>
        </xilinx:parameterInfo>
      </spirit:vendorExtensions>
    </spirit:parameter>
    <spirit:parameter>
      <spirit:name>C_S00_AXI_HIGHADDR</spirit:name>
      <spirit:displayName>C S00 AXI HIGHADDR</spirit:displayName>
      <spirit:value spirit:format="bitString" spirit:resolve="user" spirit:id="PARAM_VALUE.C_S00_AXI_HIGHADDR" spirit:order="6" spirit:bitStringLength="32">0x00000000</spirit:value>
      <spirit:vendorExtensions>
        <xilinx:parameterInfo>
          <xilinx:enablement>
            <xilinx:isEnabled xilinx:id="PARAM_ENABLEMENT.C_S00_AXI_HIGHADDR">false</xilinx:isEnabled>
          </xilinx:enablement>
        </xilinx:parameterInfo>
      </spirit:vendorExtensions>
    </spirit:parameter>
    <spirit:parameter>
      <spirit:name>Component_Name</spirit:name>
      <spirit:value spirit:resolve="user" spirit:id="PARAM_VALUE.Component_Name" spirit:order="1">axi_ppm_v1_0</spirit:value>
    </spirit:parameter>
  </spirit:parameters>
  <spirit:vendorExtensions>
    <xilinx:coreExtensions>
      <xilinx:supportedFamilies>
        <xilinx:family xilinx:lifeCycle="Pre-Production">zynq</xilinx:family>
      </xilinx:supportedFamilies>
      <xilinx:taxonomies>
        <xilinx:taxonomy>AXI_Peripheral</xilinx:taxonomy>
      </xilinx:taxonomies>
      <xilinx:displayName>axi_ppm_v1.0</xilinx:displayName>
      <xilinx:coreRevision>8</xilinx:coreRevision>
      <xilinx:coreCreationDateTime>2019-02-15T16:25:51Z</xilinx:coreCreationDateTime>
      <xilinx:tags>
        <xilinx:tag xilinx:name="ui.data.coregen.dd@501b28d_ARCHIVE_LOCATION">u:/cpre488/Labs/MP-1/ip_repo/axi_ppm_1.0</xilinx:tag>
        <xilinx:tag xilinx:name="ui.data.coregen.dd@7ad9ebb6_ARCHIVE_LOCATION">u:/cpre488/Labs/MP-1/ip_repo/axi_ppm_1.0</xilinx:tag>
        <xilinx:tag xilinx:name="ui.data.coregen.dd@1a4992bd_ARCHIVE_LOCATION">u:/cpre488/Labs/MP-1/ip_repo/axi_ppm_1.0</xilinx:tag>
        <xilinx:tag xilinx:name="ui.data.coregen.dd@51df25f8_ARCHIVE_LOCATION">u:/cpre488/Labs/MP-1/ip_repo/axi_ppm_1.0</xilinx:tag>
        <xilinx:tag xilinx:name="ui.data.coregen.dd@675de78e_ARCHIVE_LOCATION">u:/cpre488/Labs/MP-1/ip_repo/axi_ppm_1.0</xilinx:tag>
        <xilinx:tag xilinx:name="ui.data.coregen.dd@316d5570_ARCHIVE_LOCATION">u:/cpre488/Labs/MP-1/ip_repo/axi_ppm_1.0</xilinx:tag>
        <xilinx:tag xilinx:name="ui.data.coregen.dd@1f53fddd_ARCHIVE_LOCATION">u:/cpre488/Labs/MP-1/ip_repo/axi_ppm_1.0</xilinx:tag>
        <xilinx:tag xilinx:name="ui.data.coregen.dd@3424d6dd_ARCHIVE_LOCATION">u:/cpre488/Labs/MP-1/ip_repo/axi_ppm_1.0</xilinx:tag>
        <xilinx:tag xilinx:name="ui.data.coregen.dd@28e70f84_ARCHIVE_LOCATION">u:/cpre488/Labs/MP-1/ip_repo/axi_ppm_1.0</xilinx:tag>
        <xilinx:tag xilinx:name="ui.data.coregen.dd@5e9e754_ARCHIVE_LOCATION">u:/cpre488/Labs/MP-1/ip_repo/axi_ppm_1.0</xilinx:tag>
        <xilinx:tag xilinx:name="ui.data.coregen.dd@677364af_ARCHIVE_LOCATION">u:/cpre488/Labs/MP-1/ip_repo/axi_ppm_1.0</xilinx:tag>
        <xilinx:tag xilinx:name="ui.data.coregen.dd@79b3c7ed_ARCHIVE_LOCATION">u:/cpre488/Labs/MP-1/ip_repo/axi_ppm_1.0</xilinx:tag>
        <xilinx:tag xilinx:name="ui.data.coregen.dd@49d3534b_ARCHIVE_LOCATION">u:/cpre488/Labs/MP-1/ip_repo/axi_ppm_1.0</xilinx:tag>
        <xilinx:tag xilinx:name="ui.data.coregen.dd@49c5bc32_ARCHIVE_LOCATION">u:/cpre488/Labs/MP-1/ip_repo/axi_ppm_1.0</xilinx:tag>
        <xilinx:tag xilinx:name="ui.data.coregen.dd@35c4aa07_ARCHIVE_LOCATION">u:/cpre488/Labs/MP-1/ip_repo/axi_ppm_1.0</xilinx:tag>
        <xilinx:tag xilinx:name="ui.data.coregen.dd@29f9012e_ARCHIVE_LOCATION">u:/cpre488/Labs/MP-1/ip_repo/axi_ppm_1.0</xilinx:tag>
        <xilinx:tag xilinx:name="ui.data.coregen.dd@7be9db18_ARCHIVE_LOCATION">u:/cpre488/Labs/MP-1/ip_repo/axi_ppm_1.0</xilinx:tag>
        <xilinx:tag xilinx:name="ui.data.coregen.dd@2125f106_ARCHIVE_LOCATION">u:/cpre488/Labs/MP-1/ip_repo/axi_ppm_1.0</xilinx:tag>
        <xilinx:tag xilinx:name="ui.data.coregen.dd@478d2381_ARCHIVE_LOCATION">u:/cpre488/Labs/MP-1/ip_repo/axi_ppm_1.0</xilinx:tag>
        <xilinx:tag xilinx:name="ui.data.coregen.dd@7bae4bb7_ARCHIVE_LOCATION">u:/cpre488/Labs/MP-1/ip_repo/axi_ppm_1.0</xilinx:tag>
        <xilinx:tag xilinx:name="ui.data.coregen.dd@30406e89_ARCHIVE_LOCATION">u:/cpre488/Labs/MP-1/ip_repo/axi_ppm_1.0</xilinx:tag>
        <xilinx:tag xilinx:name="ui.data.coregen.dd@6094736c_ARCHIVE_LOCATION">u:/cpre488/Labs/MP-1/ip_repo/axi_ppm_1.0</xilinx:tag>
        <xilinx:tag xilinx:name="ui.data.coregen.dd@1a2afda4_ARCHIVE_LOCATION">u:/cpre488/Labs/MP-1/ip_repo/axi_ppm_1.0</xilinx:tag>
        <xilinx:tag xilinx:name="ui.data.coregen.dd@2a860516_ARCHIVE_LOCATION">u:/cpre488/Labs/MP-1/ip_repo/axi_ppm_1.0</xilinx:tag>
        <xilinx:tag xilinx:name="ui.data.coregen.dd@27a78c46_ARCHIVE_LOCATION">u:/cpre488/Labs/MP-1/ip_repo/axi_ppm_1.0</xilinx:tag>
        <xilinx:tag xilinx:name="ui.data.coregen.dd@b8b682c_ARCHIVE_LOCATION">u:/cpre488/Labs/MP-1/ip_repo/axi_ppm_1.0</xilinx:tag>
        <xilinx:tag xilinx:name="ui.data.coregen.dd@39d7f7b6_ARCHIVE_LOCATION">u:/cpre488/Labs/MP-1/ip_repo/axi_ppm_1.0</xilinx:tag>
        <xilinx:tag xilinx:name="ui.data.coregen.dd@3389deee_ARCHIVE_LOCATION">u:/cpre488/Labs/MP-1/ip_repo/axi_ppm_1.0</xilinx:tag>
        <xilinx:tag xilinx:name="ui.data.coregen.dd@28196d0b_ARCHIVE_LOCATION">u:/cpre488/Labs/MP-1/ip_repo/axi_ppm_1.0</xilinx:tag>
        <xilinx:tag xilinx:name="ui.data.coregen.dd@7c8f0da8_ARCHIVE_LOCATION">u:/cpre488/Labs/MP-1/ip_repo/axi_ppm_1.0</xilinx:tag>
        <xilinx:tag xilinx:name="ui.data.coregen.dd@79317dde_ARCHIVE_LOCATION">u:/cpre488/Labs/MP-1/ip_repo/axi_ppm_1.0</xilinx:tag>
        <xilinx:tag xilinx:name="ui.data.coregen.dd@34e70662_ARCHIVE_LOCATION">u:/cpre488/Labs/MP-1/ip_repo/axi_ppm_1.0</xilinx:tag>
        <xilinx:tag xilinx:name="ui.data.coregen.dd@3051056a_ARCHIVE_LOCATION">u:/cpre488/Labs/MP-1/ip_repo/axi_ppm_1.0</xilinx:tag>
        <xilinx:tag xilinx:name="ui.data.coregen.dd@6ead306f_ARCHIVE_LOCATION">u:/cpre488/Labs/MP-1/ip_repo/axi_ppm_1.0</xilinx:tag>
        <xilinx:tag xilinx:name="ui.data.coregen.dd@4181e8a3_ARCHIVE_LOCATION">u:/cpre488/Labs/MP-1/ip_repo/axi_ppm_1.0</xilinx:tag>
        <xilinx:tag xilinx:name="ui.data.coregen.dd@616045dc_ARCHIVE_LOCATION">u:/cpre488/Labs/MP-1/ip_repo/axi_ppm_1.0</xilinx:tag>
        <xilinx:tag xilinx:name="ui.data.coregen.dd@1d5440a6_ARCHIVE_LOCATION">u:/cpre488/Labs/MP-1/ip_repo/axi_ppm_1.0</xilinx:tag>
        <xilinx:tag xilinx:name="ui.data.coregen.dd@5c7c4039_ARCHIVE_LOCATION">u:/cpre488/Labs/MP-1/ip_repo/axi_ppm_1.0</xilinx:tag>
        <xilinx:tag xilinx:name="ui.data.coregen.dd@2ce7cad4_ARCHIVE_LOCATION">u:/cpre488/Labs/MP-1/ip_repo/axi_ppm_1.0</xilinx:tag>
        <xilinx:tag xilinx:name="ui.data.coregen.dd@69be6d35_ARCHIVE_LOCATION">u:/cpre488/Labs/MP-1/ip_repo/axi_ppm_1.0</xilinx:tag>
        <xilinx:tag xilinx:name="ui.data.coregen.dd@34084a6e_ARCHIVE_LOCATION">u:/cpre488/Labs/MP-1/ip_repo/axi_ppm_1.0</xilinx:tag>
        <xilinx:tag xilinx:name="ui.data.coregen.dd@51971c4a_ARCHIVE_LOCATION">u:/cpre488/Labs/MP-1/ip_repo/axi_ppm_1.0</xilinx:tag>
        <xilinx:tag xilinx:name="ui.data.coregen.dd@45c5808f_ARCHIVE_LOCATION">u:/cpre488/Labs/MP-1/ip_repo/axi_ppm_1.0</xilinx:tag>
        <xilinx:tag xilinx:name="ui.data.coregen.dd@ff6392d_ARCHIVE_LOCATION">u:/cpre488/Labs/MP-1/ip_repo/axi_ppm_1.0</xilinx:tag>
        <xilinx:tag xilinx:name="ui.data.coregen.dd@51bfe1c1_ARCHIVE_LOCATION">u:/cpre488/Labs/MP-1/ip_repo/axi_ppm_1.0</xilinx:tag>
        <xilinx:tag xilinx:name="ui.data.coregen.dd@5071fabc_ARCHIVE_LOCATION">u:/cpre488/Labs/MP-1/ip_repo/axi_ppm_1.0</xilinx:tag>
        <xilinx:tag xilinx:name="ui.data.coregen.dd@dc3033e_ARCHIVE_LOCATION">u:/cpre488/Labs/MP-1/ip_repo/axi_ppm_1.0</xilinx:tag>
        <xilinx:tag xilinx:name="ui.data.coregen.dd@5e0259ce_ARCHIVE_LOCATION">u:/cpre488/Labs/MP-1/ip_repo/axi_ppm_1.0</xilinx:tag>
        <xilinx:tag xilinx:name="ui.data.coregen.dd@7de5eb26_ARCHIVE_LOCATION">u:/cpre488/Labs/MP-1/ip_repo/axi_ppm_1.0</xilinx:tag>
        <xilinx:tag xilinx:name="ui.data.coregen.dd@1f702ed4_ARCHIVE_LOCATION">u:/cpre488/Labs/MP-1/ip_repo/axi_ppm_1.0</xilinx:tag>
        <xilinx:tag xilinx:name="ui.data.coregen.dd@3bfd2972_ARCHIVE_LOCATION">u:/cpre488/Labs/MP-1/ip_repo/axi_ppm_1.0</xilinx:tag>
        <xilinx:tag xilinx:name="ui.data.coregen.dd@36ada2dd_ARCHIVE_LOCATION">u:/cpre488/Labs/MP-1/ip_repo/axi_ppm_1.0</xilinx:tag>
        <xilinx:tag xilinx:name="ui.data.coregen.dd@94e995c_ARCHIVE_LOCATION">u:/cpre488/Labs/MP-1/ip_repo/axi_ppm_1.0</xilinx:tag>
        <xilinx:tag xilinx:name="ui.data.coregen.dd@144c3f5e_ARCHIVE_LOCATION">u:/cpre488/Labs/MP-1/ip_repo/axi_ppm_1.0</xilinx:tag>
        <xilinx:tag xilinx:name="ui.data.coregen.dd@e8f4d37_ARCHIVE_LOCATION">u:/cpre488/Labs/MP-1/ip_repo/axi_ppm_1.0</xilinx:tag>
        <xilinx:tag xilinx:name="ui.data.coregen.dd@34698f77_ARCHIVE_LOCATION">u:/cpre488/Labs/MP-1/ip_repo/axi_ppm_1.0</xilinx:tag>
        <xilinx:tag xilinx:name="ui.data.coregen.dd@7b432ea9_ARCHIVE_LOCATION">u:/cpre488/Labs/MP-1/ip_repo/axi_ppm_1.0</xilinx:tag>
        <xilinx:tag xilinx:name="ui.data.coregen.dd@6b282543_ARCHIVE_LOCATION">u:/cpre488/Labs/MP-1/ip_repo/axi_ppm_1.0</xilinx:tag>
        <xilinx:tag xilinx:name="ui.data.coregen.dd@70835b72_ARCHIVE_LOCATION">u:/cpre488/Labs/MP-1/ip_repo/axi_ppm_1.0</xilinx:tag>
        <xilinx:tag xilinx:name="ui.data.coregen.dd@3091cc64_ARCHIVE_LOCATION">u:/cpre488/Labs/MP-1/ip_repo/axi_ppm_1.0</xilinx:tag>
        <xilinx:tag xilinx:name="ui.data.coregen.dd@6359588d_ARCHIVE_LOCATION">u:/cpre488/Labs/MP-1/ip_repo/axi_ppm_1.0</xilinx:tag>
        <xilinx:tag xilinx:name="ui.data.coregen.dd@670ac458_ARCHIVE_LOCATION">u:/cpre488/Labs/MP-1/ip_repo/axi_ppm_1.0</xilinx:tag>
        <xilinx:tag xilinx:name="ui.data.coregen.dd@1aa9f527_ARCHIVE_LOCATION">u:/cpre488/Labs/MP-1/ip_repo/axi_ppm_1.0</xilinx:tag>
        <xilinx:tag xilinx:name="ui.data.coregen.dd@6ed71df2_ARCHIVE_LOCATION">u:/cpre488/Labs/MP-1/ip_repo/axi_ppm_1.0</xilinx:tag>
        <xilinx:tag xilinx:name="ui.data.coregen.dd@44069bdf_ARCHIVE_LOCATION">u:/cpre488/Labs/MP-1/ip_repo/axi_ppm_1.0</xilinx:tag>
        <xilinx:tag xilinx:name="ui.data.coregen.dd@6ef8d3e5_ARCHIVE_LOCATION">u:/cpre488/Labs/MP-1/ip_repo/axi_ppm_1.0</xilinx:tag>
        <xilinx:tag xilinx:name="ui.data.coregen.dd@3640d719_ARCHIVE_LOCATION">u:/cpre488/Labs/MP-1/ip_repo/axi_ppm_1.0</xilinx:tag>
        <xilinx:tag xilinx:name="ui.data.coregen.dd@21b25841_ARCHIVE_LOCATION">u:/cpre488/Labs/MP-1/ip_repo/axi_ppm_1.0</xilinx:tag>
        <xilinx:tag xilinx:name="ui.data.coregen.dd@64e5aba9_ARCHIVE_LOCATION">u:/cpre488/Labs/MP-1/ip_repo/axi_ppm_1.0</xilinx:tag>
        <xilinx:tag xilinx:name="ui.data.coregen.dd@2bdef32_ARCHIVE_LOCATION">u:/cpre488/Labs/MP-1/ip_repo/axi_ppm_1.0</xilinx:tag>
        <xilinx:tag xilinx:name="ui.data.coregen.dd@2f8059fa_ARCHIVE_LOCATION">u:/cpre488/Labs/MP-1/ip_repo/axi_ppm_1.0</xilinx:tag>
        <xilinx:tag xilinx:name="ui.data.coregen.dd@4fd220df_ARCHIVE_LOCATION">u:/cpre488/Labs/MP-1/ip_repo/axi_ppm_1.0</xilinx:tag>
        <xilinx:tag xilinx:name="ui.data.coregen.dd@3698e3c6_ARCHIVE_LOCATION">u:/cpre488/Labs/MP-1/ip_repo/axi_ppm_1.0</xilinx:tag>
        <xilinx:tag xilinx:name="ui.data.coregen.dd@2903d18_ARCHIVE_LOCATION">u:/cpre488/Labs/MP-1/ip_repo/axi_ppm_1.0</xilinx:tag>
        <xilinx:tag xilinx:name="ui.data.coregen.dd@9a036a2_ARCHIVE_LOCATION">u:/cpre488/Labs/MP-1/ip_repo/axi_ppm_1.0</xilinx:tag>
        <xilinx:tag xilinx:name="ui.data.coregen.dd@6376f761_ARCHIVE_LOCATION">u:/cpre488/Labs/MP-1/ip_repo/axi_ppm_1.0</xilinx:tag>
        <xilinx:tag xilinx:name="ui.data.coregen.dd@1e0c556d_ARCHIVE_LOCATION">u:/cpre488/Labs/MP-1/ip_repo/axi_ppm_1.0</xilinx:tag>
        <xilinx:tag xilinx:name="ui.data.coregen.dd@7b416dd3_ARCHIVE_LOCATION">u:/cpre488/Labs/MP-1/ip_repo/axi_ppm_1.0</xilinx:tag>
        <xilinx:tag xilinx:name="ui.data.coregen.dd@7c6a664a_ARCHIVE_LOCATION">u:/cpre488/Labs/MP-1/ip_repo/axi_ppm_1.0</xilinx:tag>
        <xilinx:tag xilinx:name="ui.data.coregen.dd@15ba72ed_ARCHIVE_LOCATION">u:/cpre488/Labs/MP-1/ip_repo/axi_ppm_1.0</xilinx:tag>
        <xilinx:tag xilinx:name="ui.data.coregen.dd@2719e99f_ARCHIVE_LOCATION">u:/cpre488/Labs/MP-1/ip_repo/axi_ppm_1.0</xilinx:tag>
        <xilinx:tag xilinx:name="ui.data.coregen.dd@3120e332_ARCHIVE_LOCATION">u:/cpre488/Labs/MP-1/ip_repo/axi_ppm_1.0</xilinx:tag>
        <xilinx:tag xilinx:name="ui.data.coregen.dd@79823d8_ARCHIVE_LOCATION">u:/cpre488/Labs/MP-1/ip_repo/axi_ppm_1.0</xilinx:tag>
        <xilinx:tag xilinx:name="ui.data.coregen.dd@2bbf2d0c_ARCHIVE_LOCATION">u:/cpre488/Labs/MP-1/ip_repo/axi_ppm_1.0</xilinx:tag>
        <xilinx:tag xilinx:name="ui.data.coregen.dd@6082a424_ARCHIVE_LOCATION">u:/cpre488/Labs/MP-1/ip_repo/axi_ppm_1.0</xilinx:tag>
        <xilinx:tag xilinx:name="ui.data.coregen.dd@8fe2bb2_ARCHIVE_LOCATION">u:/cpre488/Labs/MP-1/ip_repo/axi_ppm_1.0</xilinx:tag>
        <xilinx:tag xilinx:name="ui.data.coregen.dd@1381e7d6_ARCHIVE_LOCATION">u:/cpre488/Labs/MP-1/ip_repo/axi_ppm_1.0</xilinx:tag>
        <xilinx:tag xilinx:name="ui.data.coregen.dd@2b0dd361_ARCHIVE_LOCATION">u:/cpre488/Labs/MP-1/ip_repo/axi_ppm_1.0</xilinx:tag>
        <xilinx:tag xilinx:name="ui.data.coregen.dd@56cb4036_ARCHIVE_LOCATION">u:/cpre488/Labs/MP-1/ip_repo/axi_ppm_1.0</xilinx:tag>
        <xilinx:tag xilinx:name="ui.data.coregen.dd@226c4411_ARCHIVE_LOCATION">u:/cpre488/Labs/MP-1/ip_repo/axi_ppm_1.0</xilinx:tag>
        <xilinx:tag xilinx:name="ui.data.coregen.dd@71489aff_ARCHIVE_LOCATION">u:/cpre488/Labs/MP-1/ip_repo/axi_ppm_1.0</xilinx:tag>
        <xilinx:tag xilinx:name="ui.data.coregen.dd@55192d44_ARCHIVE_LOCATION">u:/cpre488/Labs/MP-1/ip_repo/axi_ppm_1.0</xilinx:tag>
        <xilinx:tag xilinx:name="ui.data.coregen.dd@2acfbb64_ARCHIVE_LOCATION">u:/cpre488/Labs/MP-1/ip_repo/axi_ppm_1.0</xilinx:tag>
        <xilinx:tag xilinx:name="ui.data.coregen.dd@327cb9a7_ARCHIVE_LOCATION">u:/cpre488/Labs/MP-1/ip_repo/axi_ppm_1.0</xilinx:tag>
        <xilinx:tag xilinx:name="ui.data.coregen.dd@600d1add_ARCHIVE_LOCATION">u:/cpre488/Labs/MP-1/ip_repo/axi_ppm_1.0</xilinx:tag>
        <xilinx:tag xilinx:name="ui.data.coregen.dd@65973ae1_ARCHIVE_LOCATION">u:/cpre488/Labs/MP-1/ip_repo/axi_ppm_1.0</xilinx:tag>
        <xilinx:tag xilinx:name="ui.data.coregen.dd@1f8c608a_ARCHIVE_LOCATION">u:/cpre488/Labs/MP-1/ip_repo/axi_ppm_1.0</xilinx:tag>
        <xilinx:tag xilinx:name="ui.data.coregen.dd@7cb83e79_ARCHIVE_LOCATION">u:/cpre488/Labs/MP-1/ip_repo/axi_ppm_1.0</xilinx:tag>
        <xilinx:tag xilinx:name="ui.data.coregen.dd@6a47778b_ARCHIVE_LOCATION">u:/cpre488/Labs/MP-1/ip_repo/axi_ppm_1.0</xilinx:tag>
        <xilinx:tag xilinx:name="ui.data.coregen.dd@7c6f76bd_ARCHIVE_LOCATION">u:/cpre488/Labs/MP-1/ip_repo/axi_ppm_1.0</xilinx:tag>
        <xilinx:tag xilinx:name="ui.data.coregen.dd@5b4ce6ac_ARCHIVE_LOCATION">u:/cpre488/Labs/MP-1/ip_repo/axi_ppm_1.0</xilinx:tag>
        <xilinx:tag xilinx:name="ui.data.coregen.dd@78273569_ARCHIVE_LOCATION">u:/cpre488/Labs/MP-1/ip_repo/axi_ppm_1.0</xilinx:tag>
        <xilinx:tag xilinx:name="ui.data.coregen.dd@1b7b7d97_ARCHIVE_LOCATION">u:/cpre488/Labs/MP-1/ip_repo/axi_ppm_1.0</xilinx:tag>
        <xilinx:tag xilinx:name="ui.data.coregen.dd@7c95303f_ARCHIVE_LOCATION">u:/cpre488/Labs/MP-1/ip_repo/axi_ppm_1.0</xilinx:tag>
        <xilinx:tag xilinx:name="ui.data.coregen.dd@47a030a3_ARCHIVE_LOCATION">u:/cpre488/Labs/MP-1/ip_repo/axi_ppm_1.0</xilinx:tag>
        <xilinx:tag xilinx:name="ui.data.coregen.dd@165faf44_ARCHIVE_LOCATION">u:/cpre488/Labs/MP-1/ip_repo/axi_ppm_1.0</xilinx:tag>
        <xilinx:tag xilinx:name="ui.data.coregen.dd@7ef49064_ARCHIVE_LOCATION">u:/cpre488/Labs/MP-1/ip_repo/axi_ppm_1.0</xilinx:tag>
        <xilinx:tag xilinx:name="ui.data.coregen.dd@10b46a9b_ARCHIVE_LOCATION">u:/cpre488/Labs/MP-1/ip_repo/axi_ppm_1.0</xilinx:tag>
        <xilinx:tag xilinx:name="ui.data.coregen.dd@15604565_ARCHIVE_LOCATION">u:/cpre488/Labs/MP-1/ip_repo/axi_ppm_1.0</xilinx:tag>
        <xilinx:tag xilinx:name="ui.data.coregen.dd@350add6f_ARCHIVE_LOCATION">u:/cpre488/Labs/MP-1/ip_repo/axi_ppm_1.0</xilinx:tag>
        <xilinx:tag xilinx:name="ui.data.coregen.dd@c913817_ARCHIVE_LOCATION">u:/cpre488/Labs/MP-1/ip_repo/axi_ppm_1.0</xilinx:tag>
        <xilinx:tag xilinx:name="ui.data.coregen.dd@378f6e48_ARCHIVE_LOCATION">u:/cpre488/Labs/MP-1/ip_repo/axi_ppm_1.0</xilinx:tag>
      </xilinx:tags>
    </xilinx:coreExtensions>
    <xilinx:packagingInfo>
      <xilinx:xilinxVersion>2018.3</xilinx:xilinxVersion>
      <xilinx:checksum xilinx:scope="busInterfaces" xilinx:value="addc58e4"/>
      <xilinx:checksum xilinx:scope="memoryMaps" xilinx:value="ed1368d5"/>
      <xilinx:checksum xilinx:scope="fileGroups" xilinx:value="2a30bf8d"/>
      <xilinx:checksum xilinx:scope="ports" xilinx:value="10a1f8dc"/>
      <xilinx:checksum xilinx:scope="hdlParameters" xilinx:value="e7b50784"/>
      <xilinx:checksum xilinx:scope="parameters" xilinx:value="f1bd6ac4"/>
    </xilinx:packagingInfo>
  </spirit:vendorExtensions>
</spirit:component>
