<?xml version="1.0" encoding="UTF-8"?>
<GenRun Id="synth_1" LaunchPart="xc7z020clg484-1" LaunchTime="1550513251">
  <File Type="PA-TCL" Name="quad_uav_interfacing_wrapper.tcl"/>
  <File Type="REPORTS-TCL" Name="quad_uav_interfacing_wrapper_reports.tcl"/>
  <File Type="RDS-RDS" Name="quad_uav_interfacing_wrapper.vds"/>
  <File Type="RDS-UTIL" Name="quad_uav_interfacing_wrapper_utilization_synth.rpt"/>
  <File Type="RDS-UTIL-PB" Name="quad_uav_interfacing_wrapper_utilization_synth.pb"/>
  <File Type="RDS-DCP" Name="quad_uav_interfacing_wrapper.dcp"/>
  <FileSet Name="sources" Type="DesignSrcs" RelSrcDir="$PSRCDIR/sources_1">
    <Filter Type="Srcs"/>
    <File Path="$PSRCDIR/sources_1/bd/quad_uav_interfacing/quad_uav_interfacing.bd">
      <FileInfo>
        <Attr Name="ImportPath" Val="U:/cpre488/Labs/MP-1/quad_uav_interfacing/quad_uav_interfacing.srcs/sources_1/bd/quad_uav_interfacing/quad_uav_interfacing.bd"/>
        <Attr Name="ImportTime" Val="1550077759"/>
        <Attr Name="UsedIn" Val="synthesis"/>
        <Attr Name="UsedIn" Val="implementation"/>
        <Attr Name="UsedIn" Val="simulation"/>
      </FileInfo>
    </File>
    <File Path="$PSRCDIR/sources_1/bd/quad_uav_interfacing/hdl/quad_uav_interfacing_wrapper.vhd">
      <FileInfo>
        <Attr Name="ImportPath" Val="U:/cpre488/Labs/MP-1/quad_uav_interfacing/quad_uav_interfacing.srcs/sources_1/bd/quad_uav_interfacing/hdl/quad_uav_interfacing_wrapper.vhd"/>
        <Attr Name="ImportTime" Val="1550513197"/>
        <Attr Name="UsedIn" Val="synthesis"/>
        <Attr Name="UsedIn" Val="simulation"/>
      </FileInfo>
    </File>
    <File Path="$PSRCDIR/sources_1/imports/quad_uav_interfacing/archive_project_summary.txt">
      <FileInfo>
        <Attr Name="ImportPath" Val="U:/cpre488/Labs/MP-1/quad_uav_interfacing/archive_project_summary.txt"/>
        <Attr Name="ImportTime" Val="1550079956"/>
      </FileInfo>
    </File>
    <Config>
      <Option Name="DesignMode" Val="RTL"/>
      <Option Name="TopModule" Val="quad_uav_interfacing_wrapper"/>
      <Option Name="TopAutoSet" Val="TRUE"/>
    </Config>
  </FileSet>
  <FileSet Name="constrs_in" Type="Constrs" RelSrcDir="$PSRCDIR/constrs_1">
    <Filter Type="Constrs"/>
    <File Path="$PSRCDIR/constrs_1/new/MP-1.xdc">
      <FileInfo>
        <Attr Name="ImportPath" Val="U:/cpre488/Labs/MP-1/quad_uav_interfacing/quad_uav_interfacing.srcs/constrs_1/new/MP-1.xdc"/>
        <Attr Name="ImportTime" Val="1550513077"/>
        <Attr Name="UsedIn" Val="synthesis"/>
        <Attr Name="UsedIn" Val="implementation"/>
      </FileInfo>
    </File>
    <Config>
      <Option Name="ConstrsType" Val="XDC"/>
    </Config>
  </FileSet>
  <FileSet Name="utils" Type="Utils" RelSrcDir="$PSRCDIR/utils_1">
    <Filter Type="Utils"/>
    <Config>
      <Option Name="TopAutoSet" Val="TRUE"/>
    </Config>
  </FileSet>
  <Strategy Version="1" Minor="2">
    <StratHandle Name="Vivado Synthesis Defaults" Flow="Vivado Synthesis 2018"/>
    <Step Id="synth_design"/>
  </Strategy>
  <BlockFileSet Type="BlockSrcs" Name="quad_uav_interfacing_btns_5bits_0"/>
  <BlockFileSet Type="BlockSrcs" Name="quad_uav_interfacing_xbar_0"/>
  <BlockFileSet Type="BlockSrcs" Name="quad_uav_interfacing_axi_ppm_0_0"/>
  <BlockFileSet Type="BlockSrcs" Name="quad_uav_interfacing_proc_sys_reset_0_0"/>
  <BlockFileSet Type="BlockSrcs" Name="quad_uav_interfacing_processing_system7_0_0"/>
</GenRun>
