<?xml version="1.0" encoding="UTF-8"?>
<GenRun Id="quad_uav_interfacing_btns_5bits_0_synth_1" LaunchPart="xc7z020clg484-1" LaunchTime="1550077889">
  <File Type="PA-TCL" Name="quad_uav_interfacing_btns_5bits_0.tcl"/>
  <File Type="REPORTS-TCL" Name="quad_uav_interfacing_btns_5bits_0_reports.tcl"/>
  <File Type="RDS-RDS" Name="quad_uav_interfacing_btns_5bits_0.vds"/>
  <File Type="RDS-UTIL" Name="quad_uav_interfacing_btns_5bits_0_utilization_synth.rpt"/>
  <File Type="RDS-UTIL-PB" Name="quad_uav_interfacing_btns_5bits_0_utilization_synth.pb"/>
  <File Type="RDS-DCP" Name="quad_uav_interfacing_btns_5bits_0.dcp"/>
  <FileSet Name="sources" Type="BlockSrcs" RelSrcDir="$PSRCDIR/quad_uav_interfacing_btns_5bits_0">
    <File Path="$PSRCDIR/sources_1/bd/quad_uav_interfacing/ip/quad_uav_interfacing_btns_5bits_0/quad_uav_interfacing_btns_5bits_0.xci">
      <FileInfo>
        <Attr Name="ImportPath" Val="U:/cpre488/Labs/MP-1/quad_uav_interfacing/quad_uav_interfacing.srcs/sources_1/bd/quad_uav_interfacing/ip/quad_uav_interfacing_btns_5bits_0/quad_uav_interfacing_btns_5bits_0.xci"/>
        <Attr Name="ImportTime" Val="1550077670"/>
        <Attr Name="UsedIn" Val="synthesis"/>
        <Attr Name="UsedIn" Val="implementation"/>
        <Attr Name="UsedIn" Val="simulation"/>
      </FileInfo>
    </File>
    <Config>
      <Option Name="TopModule" Val="quad_uav_interfacing_btns_5bits_0"/>
      <Option Name="UseBlackboxStub" Val="1"/>
    </Config>
  </FileSet>
  <FileSet Name="constrs_in" Type="BlockSrcs" RelSrcDir="$PSRCDIR/quad_uav_interfacing_btns_5bits_0">
    <File Path="$PSRCDIR/sources_1/bd/quad_uav_interfacing/ip/quad_uav_interfacing_btns_5bits_0/quad_uav_interfacing_btns_5bits_0.xci">
      <FileInfo>
        <Attr Name="ImportPath" Val="U:/cpre488/Labs/MP-1/quad_uav_interfacing/quad_uav_interfacing.srcs/sources_1/bd/quad_uav_interfacing/ip/quad_uav_interfacing_btns_5bits_0/quad_uav_interfacing_btns_5bits_0.xci"/>
        <Attr Name="ImportTime" Val="1550077670"/>
        <Attr Name="UsedIn" Val="synthesis"/>
        <Attr Name="UsedIn" Val="implementation"/>
        <Attr Name="UsedIn" Val="simulation"/>
      </FileInfo>
    </File>
    <Config>
      <Option Name="TopModule" Val="quad_uav_interfacing_btns_5bits_0"/>
      <Option Name="UseBlackboxStub" Val="1"/>
    </Config>
  </FileSet>
  <FileSet Name="utils" Type="Utils" RelSrcDir="$PSRCDIR/utils_1">
    <Filter Type="Utils"/>
    <Config>
      <Option Name="TopAutoSet" Val="TRUE"/>
    </Config>
  </FileSet>
  <Strategy Version="1" Minor="2">
    <StratHandle Name="Vivado Synthesis Defaults" Flow="Vivado Synthesis 2018"/>
    <Step Id="synth_design"/>
  </Strategy>
</GenRun>
