<?xml version="1.0" encoding="UTF-8"?>
<GenRun Id="impl_1" LaunchPart="xc7z020clg484-1" LaunchTime="1550513252">
  <File Type="BITSTR-BMM" Name="quad_uav_interfacing_wrapper_bd.bmm"/>
  <File Type="ROUTE-PWR" Name="quad_uav_interfacing_wrapper_power_routed.rpt"/>
  <File Type="PA-TCL" Name="quad_uav_interfacing_wrapper.tcl"/>
  <File Type="OPT-DCP" Name="quad_uav_interfacing_wrapper_opt.dcp"/>
  <File Type="ROUTE-PWR-SUM" Name="quad_uav_interfacing_wrapper_power_summary_routed.pb"/>
  <File Type="REPORTS-TCL" Name="quad_uav_interfacing_wrapper_reports.tcl"/>
  <File Type="OPT-DRC" Name="quad_uav_interfacing_wrapper_drc_opted.rpt"/>
  <File Type="OPT-HWDEF" Name="quad_uav_interfacing_wrapper.hwdef"/>
  <File Type="PWROPT-DCP" Name="quad_uav_interfacing_wrapper_pwropt.dcp"/>
  <File Type="PLACE-DCP" Name="quad_uav_interfacing_wrapper_placed.dcp"/>
  <File Type="PLACE-IO" Name="quad_uav_interfacing_wrapper_io_placed.rpt"/>
  <File Type="PLACE-UTIL" Name="quad_uav_interfacing_wrapper_utilization_placed.rpt"/>
  <File Type="PLACE-UTIL-PB" Name="quad_uav_interfacing_wrapper_utilization_placed.pb"/>
  <File Type="PLACE-CTRL" Name="quad_uav_interfacing_wrapper_control_sets_placed.rpt"/>
  <File Type="PLACE-PRE-SIMILARITY" Name="quad_uav_interfacing_wrapper_incremental_reuse_pre_placed.rpt"/>
  <File Type="BG-BGN" Name="quad_uav_interfacing_wrapper.bgn"/>
  <File Type="POSTPLACE-PWROPT-DCP" Name="quad_uav_interfacing_wrapper_postplace_pwropt.dcp"/>
  <File Type="BG-BIN" Name="quad_uav_interfacing_wrapper.bin"/>
  <File Type="PHYSOPT-DCP" Name="quad_uav_interfacing_wrapper_physopt.dcp"/>
  <File Type="BITSTR-MSK" Name="quad_uav_interfacing_wrapper.msk"/>
  <File Type="ROUTE-ERROR-DCP" Name="quad_uav_interfacing_wrapper_routed_error.dcp"/>
  <File Type="ROUTE-DCP" Name="quad_uav_interfacing_wrapper_routed.dcp"/>
  <File Type="ROUTE-BLACKBOX-DCP" Name="quad_uav_interfacing_wrapper_routed_bb.dcp"/>
  <File Type="ROUTE-DRC" Name="quad_uav_interfacing_wrapper_drc_routed.rpt"/>
  <File Type="ROUTE-DRC-PB" Name="quad_uav_interfacing_wrapper_drc_routed.pb"/>
  <File Type="BITSTR-LTX" Name="quad_uav_interfacing_wrapper.ltx"/>
  <File Type="ROUTE-DRC-RPX" Name="quad_uav_interfacing_wrapper_drc_routed.rpx"/>
  <File Type="BITSTR-MMI" Name="quad_uav_interfacing_wrapper.mmi"/>
  <File Type="ROUTE-METHODOLOGY-DRC" Name="quad_uav_interfacing_wrapper_methodology_drc_routed.rpt"/>
  <File Type="ROUTE-METHODOLOGY-DRC-RPX" Name="quad_uav_interfacing_wrapper_methodology_drc_routed.rpx"/>
  <File Type="BITSTR-SYSDEF" Name="quad_uav_interfacing_wrapper.sysdef"/>
  <File Type="ROUTE-METHODOLOGY-DRC-PB" Name="quad_uav_interfacing_wrapper_methodology_drc_routed.pb"/>
  <File Type="ROUTE-PWR-RPX" Name="quad_uav_interfacing_wrapper_power_routed.rpx"/>
  <File Type="ROUTE-STATUS" Name="quad_uav_interfacing_wrapper_route_status.rpt"/>
  <File Type="ROUTE-STATUS-PB" Name="quad_uav_interfacing_wrapper_route_status.pb"/>
  <File Type="ROUTE-TIMINGSUMMARY" Name="quad_uav_interfacing_wrapper_timing_summary_routed.rpt"/>
  <File Type="ROUTE-TIMING-PB" Name="quad_uav_interfacing_wrapper_timing_summary_routed.pb"/>
  <File Type="ROUTE-TIMING-RPX" Name="quad_uav_interfacing_wrapper_timing_summary_routed.rpx"/>
  <File Type="RDI-RDI" Name="quad_uav_interfacing_wrapper.vdi"/>
  <File Type="ROUTE-CLK" Name="quad_uav_interfacing_wrapper_clock_utilization_routed.rpt"/>
  <File Type="ROUTE-BUS-SKEW" Name="quad_uav_interfacing_wrapper_bus_skew_routed.rpt"/>
  <File Type="ROUTE-BUS-SKEW-PB" Name="quad_uav_interfacing_wrapper_bus_skew_routed.pb"/>
  <File Type="ROUTE-BUS-SKEW-RPX" Name="quad_uav_interfacing_wrapper_bus_skew_routed.rpx"/>
  <File Type="POSTROUTE-PHYSOPT-DCP" Name="quad_uav_interfacing_wrapper_postroute_physopt.dcp"/>
  <File Type="POSTROUTE-PHYSOPT-BLACKBOX-DCP" Name="quad_uav_interfacing_wrapper_postroute_physopt_bb.dcp"/>
  <File Type="BG-BIT" Name="quad_uav_interfacing_wrapper.bit"/>
  <File Type="BITSTR-RBT" Name="quad_uav_interfacing_wrapper.rbt"/>
  <File Type="BITSTR-NKY" Name="quad_uav_interfacing_wrapper.nky"/>
  <File Type="BG-DRC" Name="quad_uav_interfacing_wrapper.drc"/>
  <File Type="WBT-USG" Name="usage_statistics_webtalk.html"/>
  <FileSet Name="sources" Type="DesignSrcs" RelSrcDir="$PSRCDIR/sources_1">
    <Filter Type="Srcs"/>
    <File Path="$PSRCDIR/sources_1/bd/quad_uav_interfacing/quad_uav_interfacing.bd">
      <FileInfo>
        <Attr Name="ImportPath" Val="U:/cpre488/Labs/MP-1/quad_uav_interfacing/quad_uav_interfacing.srcs/sources_1/bd/quad_uav_interfacing/quad_uav_interfacing.bd"/>
        <Attr Name="ImportTime" Val="1550077759"/>
        <Attr Name="UsedIn" Val="synthesis"/>
        <Attr Name="UsedIn" Val="implementation"/>
        <Attr Name="UsedIn" Val="simulation"/>
      </FileInfo>
    </File>
    <File Path="$PSRCDIR/sources_1/bd/quad_uav_interfacing/hdl/quad_uav_interfacing_wrapper.vhd">
      <FileInfo>
        <Attr Name="ImportPath" Val="U:/cpre488/Labs/MP-1/quad_uav_interfacing/quad_uav_interfacing.srcs/sources_1/bd/quad_uav_interfacing/hdl/quad_uav_interfacing_wrapper.vhd"/>
        <Attr Name="ImportTime" Val="1550513197"/>
        <Attr Name="UsedIn" Val="synthesis"/>
        <Attr Name="UsedIn" Val="simulation"/>
      </FileInfo>
    </File>
    <File Path="$PSRCDIR/sources_1/imports/quad_uav_interfacing/archive_project_summary.txt">
      <FileInfo>
        <Attr Name="ImportPath" Val="U:/cpre488/Labs/MP-1/quad_uav_interfacing/archive_project_summary.txt"/>
        <Attr Name="ImportTime" Val="1550079956"/>
      </FileInfo>
    </File>
    <Config>
      <Option Name="DesignMode" Val="RTL"/>
      <Option Name="TopModule" Val="quad_uav_interfacing_wrapper"/>
      <Option Name="TopAutoSet" Val="TRUE"/>
    </Config>
  </FileSet>
  <FileSet Name="constrs_in" Type="Constrs" RelSrcDir="$PSRCDIR/constrs_1">
    <Filter Type="Constrs"/>
    <File Path="$PSRCDIR/constrs_1/new/MP-1.xdc">
      <FileInfo>
        <Attr Name="ImportPath" Val="U:/cpre488/Labs/MP-1/quad_uav_interfacing/quad_uav_interfacing.srcs/constrs_1/new/MP-1.xdc"/>
        <Attr Name="ImportTime" Val="1550513077"/>
        <Attr Name="UsedIn" Val="synthesis"/>
        <Attr Name="UsedIn" Val="implementation"/>
      </FileInfo>
    </File>
    <Config>
      <Option Name="ConstrsType" Val="XDC"/>
    </Config>
  </FileSet>
  <FileSet Name="utils" Type="Utils" RelSrcDir="$PSRCDIR/utils_1">
    <Filter Type="Utils"/>
    <Config>
      <Option Name="TopAutoSet" Val="TRUE"/>
    </Config>
  </FileSet>
  <Strategy Version="1" Minor="2">
    <StratHandle Name="Vivado Implementation Defaults" Flow="Vivado Implementation 2018"/>
    <Step Id="init_design"/>
    <Step Id="opt_design"/>
    <Step Id="power_opt_design"/>
    <Step Id="place_design"/>
    <Step Id="post_place_power_opt_design"/>
    <Step Id="phys_opt_design"/>
    <Step Id="route_design"/>
    <Step Id="post_route_phys_opt_design"/>
    <Step Id="write_bitstream"/>
  </Strategy>
  <BlockFileSet Type="BlockSrcs" Name="quad_uav_interfacing_btns_5bits_0"/>
  <BlockFileSet Type="BlockSrcs" Name="quad_uav_interfacing_xbar_0"/>
  <BlockFileSet Type="BlockSrcs" Name="quad_uav_interfacing_axi_ppm_0_0"/>
  <BlockFileSet Type="BlockSrcs" Name="quad_uav_interfacing_proc_sys_reset_0_0"/>
  <BlockFileSet Type="BlockSrcs" Name="quad_uav_interfacing_processing_system7_0_0"/>
</GenRun>
